{
    "accuracy": 0.8683708639705883,
    "loss": 0.5610771283507348
}