{
    "accuracy": 0.8626895680147058,
    "loss": 0.6401378303766251
}