{
    "accuracy": 0.6385482594936709,
    "loss": 1.292669774610785
}