{
    "accuracy": 0.6576344936708861,
    "loss": 1.1128190921831735
}