{
    "accuracy": 0.7548770680147059,
    "loss": 1.1149294763803481
}