{
    "accuracy": 0.7649988511029412,
    "loss": 1.0142373859882354
}