{
    "accuracy": 0.7715647977941177,
    "loss": 1.53333677649498
}